{"cameraMode":{"drawMode":0,"name":"Shaded","section":"Shading Mode"},"sceneLighting":true,"audioPlay":false,"sceneViewState":{"showFog":true,"showMaterialUpdate":false,"showSkybox":true,"showFlares":true,"showImageEffects":true,"showParticleSystems":true},"in2DMode":false,"pivot":{"x":-0.058940187096595767,"y":4.820000171661377,"z":1.4727637767791749},"rotation":{"x":-0.19695314764976502,"y":0.024112805724143983,"z":-0.004845361225306988,"w":-0.980105459690094},"size":1.2247449159622193,"orthographic":false}